Date,nyse
1,0.03523
2,0.01189
3,0.00231
4,0.00733
5,-0.06
6,0.01194
7,-0.00766
8,0.00192
9,0.00028
10,0.02399
11,0.00024
12,-0.00768
13,-0.02417
14,0.00175
15,0.01235
16,0.02078
17,-0.00817
18,-0.00021
19,0.01376
20,0.01296
21,-0.00455
22,0.00224
23,-0.01147
24,0.00038
25,-0.0027
26,-0.00711
27,0.00983
28,0.01805
29,-0.00173
30,0.00562
31,0.00831
32,-0.00223
33,-0.00386
34,0.01276
35,0.01354
36,-0.0012
37,-0.00061
38,-0.00831
39,0.00282
40,0.01903
41,-0.00189
42,0.00348
43,0.00018
44,-0.00177
45,0.00109
46,0.00712
47,-0.00035
48,-0.01705
49,0.00294
50,0.00424
51,-0.0005
52,0.00841
53,0.00924
54,-0.00021
55,-0.00746
56,0.00035
57,0.00199
58,-0.01867
59,-0.01567
60,-0.0032
61,0.00739
62,-0.00657
63,0.00278
64,-0.00916
65,0.00736
66,0.02374
67,0.00298
68,0.01163
69,0.00309
70,0.00489
71,0.00009
72,-0.03901
73,-0.0013
74,-0.00157
75,-0.00366
76,-0.00659
77,0.00011
78,0.01228
79,0.00806
80,0.00577
81,0.00012
82,-0.00442
83,-0.003
84,0.0001
85,0.00522
86,-0.00834
87,-0.00534
88,-0.00392
89,-0.00332
90,0.00318
91,-0.01518
92,0.00251
93,0.01
94,0.00679
95,-0.01009
96,-0.01476
97,0.00372
98,0.00191
99,-0.00715
100,0.00912
101,0.00213
102,0.0033
103,-0.00364
104,0.03004
105,0.01708
106,-0.00423
107,0.00432
108,0.00217
109,-0.00543
110,0.02103
111,-0.00221
112,0.00309
113,0.00095
114,0.00971
115,0.0009
116,-0.01388
117,0.00225
118,-0.00541
119,0.00886
120,0.01328
121,-0.00159
122,-0.00247
123,-0.01445
124,0.00999
125,-0.00397
126,0.00868
127,-0.00442
128,0.01256
129,-0.01209
130,-0.00029
131,-0.00498
132,0.00132
133,-0.00864
134,0.00363
135,0.00299
136,0.00541
137,-0.00482
138,-0.00679
139,0.00499
140,-0.01066
141,-0.01094
142,0.0035
143,0.00211
144,-0.00843
145,0.01119
146,0.01907
147,0.00194
148,0.00027
149,0.00321
150,-0.00249
151,-0.00291
152,-0.00348
153,-0.01117
154,-0.01641
155,0.00254
156,-0.00068
157,-0.01245
158,0.0062
159,0.00118
160,0.00134
161,-0.00144
162,-0.01122
163,-0.00007
164,0.01371
165,-0.00633
166,0.00188
167,0.00955
168,0.00122
169,-0.00233
170,-0.01084
171,0.02034
172,0.00389
173,0.00122
174,0.00068
175,0.00328
176,-0.00109
177,0.00301
178,0.00622
179,-0.00336
180,0.00758
181,-0.00497
182,0.00332
183,0.00177
184,-0.0038
185,0.00243
186,-0.00254
187,-0.00218
188,0.00303
189,0.01149
190,-0.00109
191,-0.00177
192,-0.00176
193,0.00447
194,0.00198
195,0.01853
196,0.00133
197,-0.00108
198,-0.01265
199,0.0034
200,0.00108
201,0.00243
202,0.00907
203,-0.00732
204,0.01816
205,0.00237
206,-0.00293
207,0.0003
208,-0.00304
209,-0.01333
210,0.00359
211,0.00093
212,0.00092
213,0.0001
214,0.00078
215,-0.00787
216,-0.00865
217,0.00359
218,-0.00534
219,0.00121
220,-0.01835
221,-0.00123
222,0.00217
223,-0.01555
224,0.00155
225,0.00677
226,-0.00053
227,0.00311
228,0.00623
229,-0.00515
230,0.0043
231,0.0085
232,0.00932
233,-0.00271
234,-0.00217
235,0.00922
236,0.0088
237,0.00186
238,-0.00474
239,0.00162
240,-0.00133
241,-0.001
242,-0.0032
243,-0.0035
244,0.00613
245,0.00784
246,-0.00349
247,-0.00011
248,-0.00091
249,0.00405
250,-0.0029
251,0.00151
252,0.00679
253,-0.00314
254,-0.00846
255,0.01354
256,0.00273
257,0.00298
258,0.00151
259,-0.00198
260,0.00513
261,0.00397
262,0.00187
263,0.00155
264,-0.00149
265,0.00937
266,0.00144
267,-0.00033
268,-0.00585
269,0.01116
270,0.00243
271,0.00819
272,0.00703
273,0.0036
274,0.0079
275,-0.00052
276,-0.00039
277,0.0013
278,-0.00132
279,0.01081
280,-0.00153
281,-0.00731
282,-0.01247
283,0.00111
284,-0.0011
285,0.00772
286,0.00203
287,0.00573
288,-0.00189
289,-0.01501
290,0.00314
291,-0.01402
292,0.00135
293,0.00354
294,-0.00397
295,0.00881
296,0.00403
297,0.01072
298,-0.00164
299,0.00111
300,-0.00043
301,-0.00272
302,0.00686
303,-0.00031
304,0.0043
305,0.00835
306,-0.02017
307,-0.00948
308,0.00425
309,-0.00243
310,-0.00435
311,0.0043
312,0.00363
313,0.00255
314,0.00079
315,0.00801
316,0.00468
317,-0.00222
318,0.00295
319,-0.00253
320,0.0057
321,-0.00002
322,0.00405
323,0.00161
324,-0.0074
325,0.01373
326,0.0007
327,0.01211
328,0.00391
329,-0.0018
330,0.00796
331,-0.00156
332,-0.00467
333,0.0012
334,0.00739
335,0.00059
336,-0.00153
337,-0.00191
338,-0.00001
339,-0.00044
340,-0.00004
341,-0.00475
342,-0.00178
343,0.002
344,0.00327
345,0.01953
346,0.00732
347,-0.00143
348,0.00615
349,0.00187
350,0.00838
351,0.00342
352,-0.00942
353,0.00205
354,0.00076
355,0.00724
356,-0.00623
357,0.00423
358,0.00466
359,0.0101
360,-0.00829
361,0.00541
362,0.008
363,0.00009
364,0.00004
365,-0.00075
366,-0.00645
367,-0.00053
368,-0.01032
369,0.00312
370,0.00153
371,-0.00135
372,-0.00164
373,0.0045
374,0.01532
375,-0.00287
376,0.00543
377,-0.00618
378,-0.01764
379,-0.00435
380,0.00382
381,0.00408
382,0.0035
383,0.00966
384,0.0062
385,0.00533
386,0.00352
387,0.00112
388,0.00411
389,0.00218
390,-0.00257
391,0.01129
392,-0.00516
393,0.00513
394,-0.00516
395,0.00047
396,0.01086
397,0.01053
398,0.00157
399,0.01071
400,-0.00481
401,0.00248
402,0.00211
403,-0.00235
404,0.01342
405,0.0006
406,-0.00474
407,0.00394
408,-0.0083
409,-0.00462
410,0.00397
411,0.00327
412,-0.0033
413,0.00336
414,-0.01293
415,0.00032
416,0.00937
417,0.01804
418,-0.00185
419,0.00347
420,-0.0048
421,0.00269
422,0.00158
423,0.006
424,-0.00235
425,-0.00841
426,-0.00194
427,0.00067
428,-0.00292
429,0.00343
430,-0.00815
431,-0.00712
432,0.00284
433,0.00449
434,0.00097
435,-0.00033
436,-0.00116
437,0.00298
438,-0.00704
439,0.00131
440,0.00167
441,0.00908
442,0.00222
443,0.00467
444,0.01042
445,0.00562
446,0.00055
447,0.00481
448,0.00199
449,-0.00152
450,-0.00604
451,-0.00424
452,-0.05725
453,0.0216
454,-0.00428
455,0.00202
456,0.01519
457,-0.0004
458,-0.00621
459,-0.00394
460,-0.00316
461,-0.01127
462,-0.00869
463,0.00032
464,0.01416
465,0.00342
466,-0.00594
467,-0.00185
468,-0.01328
469,0.00565
470,0.00964
471,-0.00337
472,0.00641
473,0.00229
474,-0.00424
475,0.0065
476,0.00061
477,0.00305
478,-0.00634
479,-0.00004
480,0.00601
481,0.00619
482,0.00458
483,0.00117
484,-0.00542
485,0.00539
486,0.01201
487,0.00281
488,-0.00396
489,-0.00238
490,-0.00205
491,0.00229
492,-0.00004
493,0.00797
494,0.00313
495,-0.00482
496,-0.00282
497,-0.01668
498,-0.00399
499,0.00075
500,0.00505
501,0.00818
502,-0.00091
503,0.00476
504,0.00502
505,0.00736
506,0.01529
507,-0.00058
508,-0.00713
509,-0.0087
510,0.00362
511,-0.01026
512,-0.00595
513,0.00353
514,-0.023
515,-0.00912
516,0.00915
517,-0.00775
518,0.00105
519,0.00262
520,-0.02286
521,0.00057
522,-0.00346
523,-0.01139
524,-0.00233
525,-0.00227
526,-0.00718
527,0.01712
528,0.00042
529,0.00684
530,0.00404
531,-0.00536
532,0.01127
533,-0.00097
534,0.00205
535,-0.00935
536,0.00204
537,0.00211
538,0.00795
539,-0.00492
540,-0.01296
541,-0.00129
542,-0.00431
543,-0.00502
544,0.01071
545,0.00542
546,0.00532
547,0.00293
548,0.00802
549,-0.00365
550,0.0111
551,-0.00213
552,0.00851
553,-0.00569
554,0.00206
555,-0.00681
556,0.00254
557,0.00251
558,0.009
559,0.00441
560,-0.00507
561,-0.00451
562,-0.0118
563,0.00422
564,0.00154
565,0.00888
566,0.00252
567,-0.00307
568,-0.00183
569,-0.00371
570,0.01317
571,-0.00626
572,-0.00058
573,-0.00181
574,0.00279
575,0.00138
576,-0.00039
577,0.00713
578,0.001
579,-0.00024
580,-0.01045
581,-0.00746
582,-0.00868
583,-0.0107
584,-0.00235
585,0.00476
586,0.00217
587,-0.01078
588,0.0045
589,0.00437
590,0.00607
591,0.00352
592,0.00809
593,0.00593
594,0.00427
595,0.00172
596,0.00415
597,0.02134
598,0.00787
599,-0.00126
600,-0.001
601,0.00189
602,0.00027
603,0.00934
604,0.00154
605,0.00147
606,-0.00123
607,-0.00892
608,0.01464
609,0.00103
610,0.00131
611,0.00539
612,0.01158
613,-0.00145
614,-0.00376
615,-0.00468
616,-0.01082
617,0.00698
618,0.0114
619,-0.00316
620,-0.00507
621,-0.00086
622,-0.01429
623,0.00367
624,0.00121
625,0.00307
626,-0.01112
627,-0.00805
628,-0.00101
629,0.00724
630,0.00666
631,0.00173
632,0.00389
633,0.00226
634,-0.01055
635,0.00682
636,0.00233
637,-0.00688
638,0.01133
639,0.01105
640,0.00487
641,0.00427
642,-0.00322
643,-0.00852
644,0.00253
645,-0.00827
646,-0.01734
647,0.0009
648,0.00348
649,-0.00246
650,-0.00625
651,0.00454
652,0.00221
653,-0.00088
654,-0.01056
655,-0.01673
656,-0.03071
657,0.00163
658,0.01064
659,0.00508
660,-0.01096
661,0.00818
662,0.00207
663,0.00287
664,-0.02053
665,-0.01363
666,0.00087
667,-0.01897
668,-0.01529
669,-0.03045
670,0.01347
671,0.03002
672,0.00049
673,0.00862
674,-0.0142
675,0.01007
676,0.00078
677,0.00431
678,-0.00996
679,0.00832
680,-0.00429
681,-0.00113
682,0.0031
683,-0.01011
684,-0.00588
685,0.00257
686,0.00206
687,-0.0056
688,-0.01507
689,-0.00103
690,-0.02003
691,0.01035
692,-0.0099
693,-0.01286
694,0.01515
695,0.02648
696,0.00222
697,-0.01013
698,0.00254
699,-0.00379
700,0.00588
701,-0.0244
702,-0.01494
703,-0.01639
704,0.01338
705,0.00907
706,-0.01344
707,-0.00018
708,0.02188
709,0.01853
710,0.00788
711,-0.00524
712,0.00031
713,-0.00615
714,-0.01629
715,-0.00874
716,0.00535
717,0.00057
718,0.00888
719,0.01505
720,0.00933
721,-0.00745
722,-0.01591
723,0.00492
724,0.018
725,0.01748
726,-0.00398
727,0.00754
728,-0.00881
729,0.00085
730,0.00603
731,-0.01025
732,0.00109
733,-0.00241
734,0.00359
735,0.00575
736,0.0003
737,-0.00442
738,0.01679
739,0.00682
740,0.00742
741,0.0107
742,-0.00227
743,-0.00352
744,0.00272
745,-0.00542
746,0.00963
747,-0.00106
748,-0.00748
749,-0.00319
750,0.01166
751,0.00063
752,0.00036
753,0.00304
754,-0.00374
755,0.00299
756,-0.00605
757,0.00037
758,0.00446
759,-0.00951
760,-0.01188
761,-0.00244
762,-0.01632
763,-0.00264
764,-0.00981
765,0.00929
766,0.00105
767,-0.00872
768,0.00295
769,0.00809
770,0.0342
771,0.00994
772,-0.00172
773,-0.00657
774,0.00514
775,0.01402
776,0.0038
777,0.00083
778,-0.00004
779,0.0145
780,0.00895
781,-0.0009
782,0.01557
783,0.00934
784,0.01807
785,-0.00295
786,0.00697
787,0.02457
788,-0.00631
789,0.00892
790,-0.01175
791,0.01215
792,0.00117
793,-0.01057
794,-0.00038
795,0.00177
796,0.0044
797,-0.01106
798,0.0123
799,-0.00005
800,0.00853
801,-0.0005
802,0.01805
803,-0.00137
804,-0.00035
805,-0.00204
806,-0.00429
807,-0.00764
808,0.0105
809,-0.00168
810,-0.00174
811,-0.00293
812,-0.01316
813,0.00321
814,-0.00253
815,0.00201
816,0.00627
817,0.01562
818,-0.00107
819,-0.00051
820,-0.00867
821,0.01938
822,0.00012
823,0.00276
824,-0.00986
825,0.00692
826,-0.01084
827,-0.00155
828,0.01075
829,0.00627
830,0.00253
831,0.01485
832,0.00757
833,-0.00447
834,-0.00985
835,-0.00876
836,0.00174
837,0.0027
838,-0.00785
839,-0.00114
840,-0.01263
841,0.00364
842,0.01305
843,0.00113
844,0.00057
845,-0.00161
846,-0.00584
847,0.00236
848,0.01177
849,-0.01697
850,0.00217
851,-0.01217
852,-0.00815
853,0.00956
854,-0.00009
855,0.00018
856,0.00762
857,0.00169
858,-0.00228
859,0.00639
860,0.01099
861,0.00239
862,0.01031
863,0.00741
864,-0.00334
865,-0.00048
866,-0.00558
867,-0.00313
868,-0.00934
869,-0.0018
870,0.00502
871,-0.01047
872,0.00255
873,0.01094
874,-0.00423
875,-0.00343
876,-0.00885
877,0.00013
878,0.00487
879,-0.01592
880,-0.00134
881,0.00164
882,0.00688
883,-0.0069
884,0.01662
885,-0.00046
886,-0.0094
887,0.00221
888,0.00785
889,-0.00226
890,-0.00068
891,0.00313
892,0.00741
893,0.00602
894,-0.00125
895,-0.00019
896,0.00934
897,-0.0024
898,-0.00326
899,-0.00826
900,-0.00236
901,0.00539
902,0.00034
903,0.00534
904,0.00861
905,0.00347
906,-0.00164
907,0.00058
908,-0.00459
909,0.01328
910,0.00062
911,-0.00218
912,-0.00425
913,0.0018
914,0.00389
915,0.00179
916,-0.001
917,-0.00831
918,-0.02236
919,0.00692
920,0.02675
921,0.00234
922,0.00635
923,-0.00039
924,-0.00116
925,0.00856
926,-0.00004
927,-0.00165
928,-0.00728
929,-0.00533
930,-0.00258
931,0.00013
932,-0.00144
933,-0.00971
934,0.00118
935,0.0058
936,-0.00882
937,0.00529
938,-0.00031
939,0.00311
940,0.00247
941,0.00125
942,-0.00432
943,0.00462
944,-0.00214
945,-0.00006
946,-0.00116
947,0.00576
948,0.00275
949,-0.00221
950,-0.00857
951,-0.00659
952,-0.00522
953,0.00281
954,-0.0088
955,0.00779
956,0.00258
957,0.01189
958,0.01132
959,0.00567
960,-0.00141
961,0.00134
962,-0.00592
963,-0.00462
964,-0.00029
965,-0.00703
966,-0.00233
967,0.01214
968,0.00537
969,0.0041
970,0.00074
971,-0.00259
972,-0.00235
973,-0.00311
974,0.00298
975,0.00892
976,-0.00059
977,0.00111
978,0.00881
979,0.00158
980,-0.00079
981,-0.03292
982,0.00522
983,-0.01461
984,-0.00235
985,0.00364
986,-0.00962
987,-0.00237
988,0.00584
989,-0.0025
990,-0.00205
991,0.01384
992,0.00019
993,-0.00209
994,-0.00556
995,0.00371
996,-0.00197
997,-0.00099
998,-0.00144
999,0.00913
1000,0.00669
1001,0.0009
1002,-0.00453
1003,0.00144
1004,-0.00289
1005,0.01102
1006,0.02365
1007,0.00778
1008,0.01346
1009,0.00511
1010,0.01974
1011,0.00512
1012,-0.0008
1013,0.00466
1014,-0.00125
1015,-0.00079
1016,0.00253
1017,0.00036
1018,-0.00596
1019,-0.0017
1020,0.01301
1021,0.00209
1022,-0.00551
1023,0.00151
1024,-0.00526
1025,-0.00903
1026,0.01164
1027,-0.00549
1028,0.00116
1029,-0.00072
1030,0.00011
1031,-0.0102
1032,0.00359
1033,-0.00549
1034,0.00237
1035,0.00959
1036,0.00109
1037,0.00041
1038,-0.00567
1039,0.00597
1040,0.00057
1041,0.00711
1042,-0.00791
1043,-0.00177
1044,-0.01084
1045,0.00129
1046,0.01194
1047,-0.0053
1048,0.00087
1049,-0.00394
1050,0.01078
1051,-0.00162
1052,-0.00268
1053,0.00062
1054,0.0011
1055,-0.0073
1056,-0.00761
1057,-0.00468
1058,0.00182
1059,0.00418
1060,-0.00665
1061,-0.00102
1062,0.00431
1063,0.00066
1064,0.00708
1065,-0.00006
1066,0.00179
1067,0.00258
1068,-0.0025
1069,-0.0021
1070,-0.0017
1071,0.00002
1072,-0.00929
1073,-0.00137
1074,0.00126
1075,0.00087
1076,-0.00889
1077,0.00161
1078,0.00882
1079,-0.01663
1080,-0.00963
1081,0.01496
1082,0.00936
1083,0.00432
1084,0.01393
1085,0.00788
1086,-0.00087
1087,-0.01291
1088,-0.00054
1089,-0.00101
1090,0.00314
1091,-0.00446
1092,-0.00081
1093,0.001
1094,0.00616
1095,0.00775
1096,-0.00459
1097,0.0101
1098,0.0009
1099,0.00028
1100,-0.00119
1101,0.0003
1102,0.00579
1103,-0.00435
1104,0.00001
1105,-0.00725
1106,-0.0061
1107,0.00551
1108,0.00776
1109,-0.00126
1110,-0.00667
1111,0.00312
1112,-0.00623
1113,0.00159
1114,0.00918
1115,-0.00119
1116,0.00444
1117,-0.00679
1118,0.00172
1119,-0.00317
1120,-0.00007
1121,-0.00053
1122,-0.00712
1123,-0.007
1124,0.00345
1125,0.00227
1126,0.00034
1127,-0.0037
1128,-0.01446
1129,-0.00369
1130,0.00572
1131,-0.00147
1132,0.00241
1133,-0.00074
1134,-0.00097
1135,0.00095
1136,0.01212
1137,0.00051
1138,0.01014
1139,-0.00129
1140,0.00484
1141,-0.00997
1142,0.00179
1143,0.00894
1144,0.00159
1145,0.0012
1146,0.00601
1147,-0.0009
1148,0.00088
1149,-0.00426
1150,-0.00428
1151,0.00019
1152,-0.00617
1153,0.00245
1154,-0.00058
1155,0.00077
1156,0.01312
1157,0.01047
1158,0.00392
1159,0.0015
1160,0.00221
1161,-0.00099
1162,-0.00463
1163,-0.00322
1164,-0.00259
1165,0.00056
1166,-0.00108
1167,-0.00335
1168,0.00037
1169,0.00514
1170,0.00252
1171,0.00143
1172,-0.00625
1173,-0.0005
1174,-0.00708
1175,-0.01044
1176,0.00097
1177,0.00431
1178,0.00144
1179,0.00275
1180,-0.00106
1181,0.00439
1182,0.00466
1183,0.00059
1184,-0.0018
1185,-0.00587
1186,0.00366
1187,0.00767
1188,-0.00037
1189,0.01305
1190,-0.01083
1191,-0.00047
1192,-0.00011
1193,0.00568
1194,-0.00124
1195,-0.01022
1196,-0.00043
1197,0.00321
1198,-0.00956
1199,0.00404
1200,0.00071
1201,0.00279
1202,-0.00355
1203,-0.01259
1204,-0.00725
1205,0.00031
1206,-0.00587
1207,0.00796
1208,-0.01081
1209,0.00966
1210,0.00466
1211,0.00039
1212,0.00045
1213,0.00397
1214,0.00818
1215,0.00145
1216,0.00042
1217,-0.00186
1218,-0.00139
1219,0.00891
1220,0.00122
1221,0.00432
1222,0.00198
1223,-0.00349
1224,0.0086
1225,-0.00481
1226,-0.00567
1227,0.00295
1228,-0.00073
1229,0.00227
1230,0.00031
1231,0.00794
1232,0.00123
1233,-0.0009
1234,-0.00303
1235,-0.00262
1236,0.00732
1237,0.00179
1238,0.00671
1239,-0.00227
1240,0.00482
1241,0.00416
1242,0.00264
1243,0.00333
1244,-0.00061
1245,-0.00191
1246,0.00006
1247,0.0045
1248,0.00632
1249,0.00381
1250,-0.00257
1251,-0.00234
1252,-0.0012
1253,-0.0015
1254,-0.00107
1255,-0.00346
1256,0.00816
1257,0.01184
1258,-0.00099
1259,-0.00014
1260,-0.00206
1261,0.00155
1262,-0.00099
1263,-0.00098
1264,0.00181
1265,-0.00317
1266,-0.00174
1267,-0.00241
1268,-0.00022
1269,-0.00788
1270,-0.00428
1271,0.00348
1272,0.00099
1273,0.00384
1274,0.00633
1275,0.0039
1276,-0.00001
1277,-0.00249
1278,-0.00301
1279,0.00398
1280,0.00299
1281,0.00756
1282,0.00069
1283,-0.00397
1284,0.00082
1285,0.00084
1286,0.00848
1287,0.00099
1288,0.01004
1289,0.00665
1290,-0.00149
1291,-0.00145
1292,-0.00605
1293,0.00194
1294,0.00323
1295,-0.00536
1296,-0.02413
1297,-0.00292
1298,-0.00248
1299,0.00485
1300,0.00157
1301,-0.00012
1302,0.01337
1303,0.00351
1304,0.00276
1305,-0.00126
1306,0.01153
1307,0.00406
1308,-0.0035
1309,-0.00177
1310,0.01656
1311,0.00056
1312,0.0046
1313,-0.00443
1314,-0.00804
1315,0.00313
1316,-0.00047
1317,-0.00603
1318,0.00767
1319,-0.00414
1320,-0.00321
1321,-0.00025
1322,-0.00148
1323,0.00602
1324,-0.00457
1325,0.00527
1326,0.00315
1327,0.00072
1328,-0.00297
1329,-0.01836
1330,0.00116
1331,-0.00321
1332,0.0026
1333,-0.00173
1334,0.01276
1335,0.00374
1336,-0.00041
1337,-0.00091
1338,0.00119
1339,-0.00297
1340,-0.00546
1341,-0.00247
1342,-0.00799
1343,-0.00486
1344,-0.00812
1345,0.00826
1346,0.00047
1347,0.00242
1348,0.00375
1349,0.00484
1350,0.00374
1351,0.00239
1352,-0.0024
1353,-0.00171
1354,0.00184
1355,0.00355
1356,0.00066
1357,-0.01119
1358,-0.00034
1359,0.00091
1360,0.00026
1361,0.0137
1362,0.00603
1363,-0.00824
1364,0.00332
1365,0.00326
1366,0.0092
1367,-0.00183
1368,-0.00354
1369,0.00749
1370,0.00023
1371,-0.00231
1372,-0.00535
1373,-0.00588
1374,-0.00684
1375,0.00289
1376,-0.00087
1377,0.00294
1378,0.00082
1379,-0.00175
1380,0.00211
1381,0.00265
1382,-0.00875
1383,0.00477
1384,-0.00032
1385,-0.00436
1386,0.00698
1387,0.00266
1388,0.00946
1389,-0.00197
1390,0.00082
1391,-0.00186
1392,-0.00543
1393,-0.00816
1394,0.00248
1395,0.01029
1396,0.00003
1397,0.0015
1398,-0.00074
1399,0.00373
1400,-0.00132
1401,-0.00592
1402,-0.00049
1403,0.00148
1404,-0.00044
1405,-0.00542
1406,0.00425
1407,0.00536
1408,-0.00152
1409,-0.0016
1410,0.00603
1411,-0.00355
1412,0.00419
1413,-0.00051
1414,-0.00096
1415,-0.00154
1416,0.00133
1417,0.00555
1418,-0.00116
1419,0.00134
1420,-0.00302
1421,0.00179
1422,0.00404
1423,0.00275
1424,0.00574
1425,0.00139
1426,0.00002
1427,-0.00134
1428,0.0092
1429,0.00095
1430,0.00157
1431,-0.00134
1432,0.00277
1433,0.00388
1434,-0.00012
1435,-0.00289
1436,0.00051
1437,-0.00636
1438,-0.00553
1439,0.00276
1440,0.00822
1441,0.00068
1442,-0.00427
1443,0.00296
1444,-0.00277
1445,-0.00101
1446,-0.00664
1447,-0.00506
1448,0.00683
1449,0.00376
1450,0.00026
1451,0.00785
1452,-0.00009
1453,-0.00236
1454,-0.001
1455,0.00395
1456,0.00038
1457,0.00035
1458,-0.00076
1459,-0.00302
1460,0.00166
1461,0.00174
1462,0.00163
1463,0.00053
1464,0.00878
1465,0.00516
1466,-0.002
1467,-0.00551
1468,-0.00108
1469,-0.00153
1470,-0.00315
1471,0.00113
1472,-0.00042
1473,0.00125
1474,0.00579
1475,0.00158
1476,0.00235
1477,-0.00143
1478,-0.01134
1479,-0.01172
1480,0.00363
1481,0.00255
1482,0.00147
1483,0.00612
1484,-0.00151
1485,0.00523
1486,-0.00336
1487,0.00481
1488,-0.00387
1489,-0.00269
1490,-0.00265
1491,-0.00903
1492,0.00426
1493,0.004
1494,0.00236
1495,-0.0017
1496,-0.00137
1497,0.0018
1498,0.00227
1499,0.0034
1500,0.00375
1501,0.00108
1502,0.00005
1503,-0.0033
1504,-0.0004
1505,0.00259
1506,-0.00536
1507,-0.00267
1508,0.00229
1509,0.00658
1510,-0.00092
1511,-0.00176
1512,0.00378
1513,0.00128
1514,0.00631
1515,0.00191
1516,0.00045
1517,-0.00321
1518,-0.00241
1519,-0.00321
1520,0.0025
1521,0.00188
1522,-0.0013
1523,0.00523
1524,0.00953
1525,-0.00149
1526,0.00014
1527,-0.00203
1528,0.00467
1529,-0.0022
1530,0.00159
1531,0.0004
1532,0.00101
1533,-0.00104
1534,-0.00434
1535,-0.00226
1536,0.00424
1537,0.0081
1538,0.00398
1539,0.00625
1540,-0.00205
1541,0.00456
1542,-0.00207
1543,-0.02235
1544,0.00375
1545,0.00002
1546,0.0039
1547,-0.007
1548,0.00072
1549,0.00032
1550,0.00453
1551,0.00034
1552,-0.0045
1553,-0.0053
1554,0.00656
1555,-0.00132
1556,-0.01244
1557,0.00324
1558,0.00288
1559,-0.00535
1560,-0.00017
1561,-0.00274
1562,0.00413
1563,0.00553
1564,-0.0019
1565,0.00189
1566,-0.00599
1567,0.00486
1568,0.00251
1569,0.00037
1570,0.00531
1571,0.00253
1572,0.00053
1573,-0.00454
1574,0.00107
1575,0.00037
1576,-0.00886
1577,-0.00643
1578,-0.00275
1579,-0.01698
1580,-0.0154
1581,-0.00123
1582,-0.015
1583,0.02222
1584,0.00081
1585,0.00627
1586,-0.00761
1587,0.00404
1588,-0.00371
1589,-0.00382
1590,0.0005
1591,0.00021
1592,-0.00778
1593,-0.00128
1594,-0.00265
1595,0.01403
1596,-0.00106
1597,0.01024
1598,0.00025
1599,-0.00568
1600,0.00495
1601,0.00488
1602,0.00015
1603,-0.00198
1604,-0.00105
1605,-0.00827
1606,-0.01203
1607,0.00649
1608,-0.00987
1609,0.00386
1610,0.00125
1611,0.00006
1612,0.00992
1613,0.01051
1614,0.00584
1615,-0.00228
1616,-0.00298
1617,0.00271
1618,0.00288
1619,0.00305
1620,0.00084
1621,-0.00184
1622,0.00297
1623,0.00086
1624,0.00503
1625,-0.00038
1626,-0.00177
1627,-0.00255
1628,0.00057
1629,0.00183
1630,0.00142
1631,0.00539
1632,-0.00345
1633,0.00267
1634,-0.00635
1635,-0.00811
1636,-0.00837
1637,0.00324
1638,-0.007
1639,-0.01446
1640,0.00803
1641,-0.00259
1642,0.00389
1643,-0.00626
1644,0.00507
1645,0.00084
1646,0.00037
1647,0.0044
1648,0.00196
1649,-0.00276
1650,0.0005
1651,0.00192
1652,0.0109
1653,0.00167
1654,0.00177
1655,-0.00198
1656,-0.00446
1657,0.00131
1658,0.00028
1659,0.00197
1660,-0.00151
1661,-0.00202
1662,0.00297
1663,0.00847
1664,0.00559
1665,0.00172
1666,0.00067
1667,-0.00491
1668,-0.00322
1669,0.00216
1670,0.00041
1671,0.00489
1672,-0.00331
1673,0.00558
1674,-0.00032
1675,0.0066
1676,0.00033
1677,-0.00379
1678,0.0015
1679,-0.00212
1680,0.00498
1681,0.00779
1682,-0.00139
1683,0.01075
1684,0.00221
1685,0.00348
1686,-0.00062
1687,-0.00379
1688,-0.00341
1689,0.00027
1690,-0.0012
1691,0.00434
1692,-0.00909
1693,-0.00417
1694,0.00231
1695,0.00241
1696,0.01084
1697,-0.00544
1698,-0.00075
1699,-0.01417
1700,-0.00473
1701,-0.00095
1702,-0.00297
1703,0.00268
1704,0.00229
1705,0.00588
1706,-0.00392
1707,0.00123
1708,-0.00216
1709,-0.01368
1710,-0.00421
1711,-0.0019
1712,0.00556
1713,0.00727
1714,0.01274
1715,0.00001
1716,0.0041
1717,0.00221
1718,-0.0003
1719,-0.00206
1720,0.00417
1721,-0.00686
1722,-0.00382
1723,-0.00784
1724,0.00026
1725,0.00192
1726,0.0062
1727,0.01549
1728,-0.0023
1729,-0.00767
1730,-0.00289
1731,0.00282
1732,-0.00919
1733,0.00048
1734,0.00445
1735,-0.00108
1736,-0.00222
1737,-0.00409
1738,0.00626
1739,-0.00123
1740,0.00043
1741,-0.0044
1742,-0.00473
1743,-0.00686
1744,-0.017
1745,0.00003
1746,0.00606
1747,0.00343
1748,0.00153
1749,-0.00173
1750,-0.00938
1751,0.00768
1752,0.00085
1753,-0.00072
1754,-0.00442
1755,-0.01241
1756,0.00194
1757,0.00455
1758,0.00269
1759,0.01059
1760,0.00297
1761,0.00604
1762,-0.00177
1763,-0.00066
1764,0.00533
1765,-0.00086
1766,0.00213
1767,0.00437
1768,-0.00348
1769,0.00136
1770,-0.00181
1771,-0.00078
1772,0.00339
1773,-0.00016
1774,0.00125
1775,0.00057
1776,0.00133
1777,-0.00031
1778,0.00889
1779,0.00801
1780,0.0013
1781,-0.00119
1782,-0.00548
1783,-0.00425
1784,0.00022
1785,0.00147
1786,0.00307
1787,0.00156
1788,0.00421
1789,-0.00346
1790,0.00386
1791,0.00112
1792,0.00444
1793,0.01272
1794,0.00564
1795,-0.00063
1796,0.00047
1797,-0.00108
1798,0.00174
1799,0.00063
1800,0.001
1801,0.00447
1802,0.00017
1803,-0.00471
1804,0.0002
1805,0.0041
1806,0.00486
1807,0.00215
1808,-0.00777
1809,0.00738
1810,-0.00311
1811,-0.00153
1812,0.00033
1813,-0.00084
1814,-0.00678
1815,0.00153
1816,0.0007
1817,0.01195
1818,0.00115
1819,0.00524
1820,-0.00125
1821,0.00644
1822,-0.00028
1823,0.00107
1824,-0.0024
1825,0.00095
1826,0.00064
1827,0.00947
1828,0.00507
1829,0.00108
1830,-0.00007
1831,0.00005
1832,-0.00307
1833,0.00139
1834,0.00647
1835,0.0011
1836,0.00152
1837,-0.00073
1838,0.00131
1839,-0.00241
1840,0.00327
1841,0.00324
1842,-0.00496
1843,-0.00219
1844,-0.00113
1845,0.00154
1846,0.00545
1847,0.00764
1848,-0.00137
1849,0.00052
1850,0.00146
1851,0.0014
1852,-0.0005
1853,0.0012
1854,0.00907
1855,0.00005
1856,-0.00001
1857,0.00644
1858,0.00066
1859,0.00219
1860,0.00091
1861,0.00164
1862,0.00445
1863,0.00095
1864,-0.00269
1865,-0.01294
1866,-0.0009
1867,0.0073
1868,0.00834
1869,0.00044
1870,0.00013
1871,-0.00791
1872,0.00091
1873,0.01574
1874,0.00118
1875,-0.00016
1876,0.00528
1877,0.00059
1878,-0.00412
1879,-0.00178
1880,-0.00811
1881,0.00527
1882,0.00958
1883,0.00083
1884,0.00156
1885,0.00382
1886,0.00807
1887,-0.00115
1888,-0.00008
1889,0.01084
1890,-0.00235
1891,-0.00895
1892,-0.00258
1893,0.00348
1894,-0.00147
1895,0.00221
1896,0.00392
1897,0.00113
1898,0.01123
1899,0.00423
1900,0.00107
1901,-0.00247
1902,0.00935
1903,-0.00047
1904,-0.00288
1905,0.00372
1906,-0.00571
1907,-0.01178
1908,0.00557
1909,0.00052
1910,0.00502
1911,0.00636
1912,0.00127
1913,0.00613
1914,-0.00215
1915,-0.00014
1916,-0.00352
1917,-0.00032
1918,-0.00082
1919,0.00037
1920,0.0022
1921,0.00046
1922,-0.00154
1923,-0.00228
1924,-0.00471
1925,0.00689
1926,-0.00127
1927,0.00259
1928,-0.0004
1929,0.00083
1930,0.00009
1931,0.00094
1932,-0.00363
1933,0.00115
1934,0.00518
1935,-0.00076
1936,0.00137
1937,0.00179
1938,0.0024
1939,0.0038
1940,0.00765
1941,0.00345
1942,-0.00031
1943,0.00412
1944,0.00179
1945,0.0038
1946,0.00414
1947,0.00719
1948,0.00122
1949,-0.00122
1950,0.0017
1951,0.00441
1952,-0.00568
1953,-0.00266
1954,-0.00046
1955,0.00069
1956,-0.00127
1957,0.00668
1958,0.00003
1959,-0.00388
1960,-0.00014
1961,-0.00123
1962,0.00124
1963,0.00085
1964,-0.00666
1965,-0.00262
1966,0.00367
1967,0.00644
1968,0.00386
1969,-0.00201
1970,0.00339
1971,0.00083
1972,0.00336
1973,-0.00517
1974,-0.00437
1975,0.00136
1976,-0.00717
1977,-0.00939
1978,0.0035
1979,0.00481
1980,-0.00162
1981,0.00502
1982,0.00911
1983,0.00222
1984,-0.00218
1985,-0.00201
1986,0.00771
1987,0.00205
1988,-0.00082
1989,-0.00026
1990,-0.00402
1991,0.00636
1992,0.00667
1993,0.00492
1994,-0.00326
1995,0.00375
1996,-0.00167
1997,0.00236
1998,0.00245
1999,0.00521
2000,0.0035
2001,-0.00066
2002,0.00274
2003,0.00975
2004,0.0065
2005,0.00355
2006,-0.00631
2007,0.00058
2008,0.00333
2009,-0.0012
2010,0.00427
2011,-0.00589
2012,-0.00157
2013,-0.0151
2014,0.00696
2015,-0.00566
2016,0.00546
2017,0.00275
2018,0.00336
2019,0.00206
2020,0.00086
2021,0.00331
2022,0.00675
2023,0.00237
2024,-0.00598
2025,-0.00178
2026,0.00347
2027,-0.0125
2028,-0.01701
2029,0.00595
2030,-0.00057
2031,-0.00235
2032,0.01085
2033,-0.00108
2034,0.00289
2035,0.00457
2036,0.00298
2037,0.00015
2038,0.00938
2039,-0.0032
2040,0.00649
2041,0.00451
2042,0.00936
2043,0.00806
2044,0.00384
2045,-0.00322
2046,0.00632
2047,0.0072
2048,0.00503
2049,0.00783
2050,0.00081
2051,0.0066
2052,-0.00069
2053,-0.00521
2054,-0.00382
2055,-0.00431
2056,-0.01128
2057,0.00975
2058,0.0147
2059,0.00073
2060,-0.01109
2061,-0.00364
2062,-0.00244
2063,-0.00504
2064,0.00586
2065,0.01095
2066,0.00582
2067,-0.00335
2068,0.00201
2069,-0.02887
2070,0.00822
2071,-0.00419
2072,0.00248
2073,0.00477
2074,0.00025
2075,0.0146
2076,-0.00103
2077,-0.00128
2078,-0.00058
2079,0.00233
2080,-0.00016
2081,0.00357
2082,-0.00491
2083,0.00034
2084,-0.00363
2085,0.01153
2086,0.002
2087,0.0007
2088,0.00017
2089,-0.01711
2090,-0.00181
2091,-0.01231
2092,-0.00464
2093,0.00908
2094,0.00785
2095,0.00325
2096,-0.00487
2097,0.00288
2098,0.00246
2099,0.00442
2100,0.00478
2101,-0.00166
2102,0.00427
2103,0.00163
2104,0.00103
2105,0.0002
2106,0.00105
2107,-0.01496
2108,-0.00214
2109,-0.00201
2110,-0.00361
2111,0.00729
2112,0.00231
2113,0.01025
2114,0.01212
2115,0.00641
2116,0.00014
2117,-0.00065
2118,0.00633
2119,0.00611
2120,0.00009
2121,0.00692
2122,-0.00319
2123,0.00321
2124,-0.00838
2125,-0.00585
2126,0.00484
2127,-0.00359
2128,-0.00191
2129,0.00742
2130,0.0075
2131,-0.00595
2132,-0.00198
2133,-0.00111
2134,-0.00144
2135,-0.00166
2136,-0.00156
2137,-0.00273
2138,-0.00109
2139,-0.00419
2140,-0.00051
2141,-0.00145
2142,0.00548
2143,0.00309
2144,-0.00048
2145,-0.006
2146,0.00504
2147,0.00532
2148,0.00702
2149,-0.00179
2150,-0.00203
2151,-0.01974
2152,-0.00819
2153,0.00369
2154,0.00027
2155,-0.01491
2156,0.00059
2157,-0.02301
2158,-0.00499
2159,0.00986
2160,0.01455
2161,-0.00646
2162,-0.00792
2163,-0.01055
2164,-0.00174
2165,0.00702
2166,0.00752
2167,-0.00639
2168,0.00469
2169,0.00732
2170,0.01518
2171,0.01715
2172,-0.00235
2173,0.00208
2174,0.00259
2175,-0.0009
2176,-0.00282
2177,0.00632
2178,-0.00683
2179,0.00329
2180,0.00117
2181,0.00549
2182,0.00195
2183,-0.00013
2184,-0.00107
2185,0.00708
2186,-0.00397
2187,-0.00352
2188,0.00324
2189,-0.0006
2190,-0.00939
2191,-0.00661
2192,0.002
2193,0.00185
2194,-0.00797
2195,0.00919
2196,0.01002
2197,0.00058
2198,0.00436
2199,0.00553
2200,0.01124
2201,0.0052
2202,-0.00293
2203,-0.00236
2204,0.00135
2205,0.00487
2206,-0.0006
2207,-0.00061
2208,0.00038
2209,0.00207
2210,0.00052
2211,0.00314
2212,0.00188
2213,0.00635
2214,-0.00128
2215,0.0108
2216,0.00177
2217,-0.00314
2218,-0.00535
2219,-0.00244
2220,0.00655
2221,0.00405
2222,-0.00189
2223,0.00246
2224,0.0049
2225,0.00451
2226,-0.00071
2227,-0.0044
2228,-0.00111
2229,-0.00532
2230,-0.00146
2231,-0.00557
2232,0.00551
2233,-0.00059
2234,0.00477
2235,-0.00205
2236,0.00384
2237,0.009
2238,0.01376
2239,0.00347
2240,0.00402
2241,0.00148
2242,-0.00105
2243,0.00155
2244,0.00556
2245,0.00257
2246,-0.00035
2247,0.00527
2248,0.00258
2249,-0.00115
2250,0.00607
2251,0.01077
2252,-0.00215
2253,-0.00061
2254,0.0026
2255,-0.00068
2256,-0.00856
2257,-0.00331
2258,-0.00128
2259,-0.00675
2260,0.01195
2261,-0.00233
2262,-0.01071
2263,-0.01318
2264,-0.00067
2265,-0.00857
2266,0.0048
2267,0.00673
2268,0.01755
2269,0.00506
2270,-0.00231
2271,0.00437
2272,0.0058
2273,0.00301
2274,-0.00173
2275,-0.01224
2276,-0.00724
2277,0.01136
2278,-0.00015
2279,0.00695
2280,-0.00349
2281,0.00818
2282,0.0052
2283,0.00007
2284,0.01098
2285,0.00018
2286,0.00239
2287,0.00727
2288,0.00145
2289,0.00373
2290,0.0032
2291,-0.00871
2292,-0.00882
2293,-0.00628
2294,0.00027
2295,0.00816
2296,0.01191
2297,0.00242
2298,0.00076
2299,0.0022
2300,-0.01087
2301,0.00284
2302,0.00971
2303,-0.00376
2304,0.00493
2305,0.01392
2306,0.01072
2307,-0.00146
2308,0.00861
2309,-0.00358
2310,-0.01053
2311,-0.0004
2312,0.00832
2313,0.00284
2314,-0.00783
2315,-0.01007
2316,-0.00512
2317,0.00426
2318,-0.00392
2319,0.0121
2320,-0.00085
2321,0.00874
2322,0.00895
2323,-0.0014
2324,-0.00743
2325,-0.01776
2326,0.00429
2327,0.00084
2328,-0.00731
2329,-0.00417
2330,-0.00393
2331,0.00244
2332,0.00788
2333,-0.00123
2334,-0.00021
2335,-0.01958
2336,-0.02197
2337,0.00329
2338,-0.011
2339,-0.00239
2340,0.00964
2341,0.00697
2342,0.00411
2343,-0.00539
2344,-0.00252
2345,-0.02444
2346,0.00468
2347,0.01538
2348,0.01036
2349,-0.00226
2350,0.00437
2351,-0.00795
2352,0.01547
2353,-0.00246
2354,-0.00265
2355,-0.0079
2356,0.00833
2357,0.02434
2358,0.00835
2359,-0.00225
2360,0.01738
2361,0.02006
2362,-0.00156
2363,-0.0128
2364,0.00426
2365,0.00587
2366,0.01409
2367,-0.00364
2368,0.00395
2369,0.00434
2370,-0.01089
2371,0.0034
2372,0.0073
2373,-0.00236
2374,-0.00251
2375,0.0126
2376,0.0006
2377,-0.00153
2378,-0.0019
2379,0.00697
2380,-0.00069
2381,0.00149
2382,-0.00425
2383,0.00366
2384,0.01428
2385,0.00449
2386,0.00355
2387,0.00397
2388,0.01503
2389,0.00868
2390,0.00116
2391,0.00016
2392,-0.00301
2393,0.00929
2394,-0.00002
2395,-0.01964
2396,0.01654
2397,-0.0071
2398,-0.00411
2399,0.00483
2400,-0.00132
2401,0.00747
2402,0.01188
2403,0.01275
2404,-0.00449
2405,0.00645
2406,-0.01071
2407,0.00668
2408,0.00396
2409,0.00006
2410,0.00643
2411,0.00873
2412,-0.00471
2413,-0.01376
2414,-0.00347
2415,0.01986
2416,0.00341
2417,0.00383
2418,-0.00128
2419,-0.00168
2420,0.00521
2421,0.01104
2422,0.00187
2423,-0.00651
2424,0.00237
2425,0.00209
2426,0.00783
2427,-0.00795
2428,-0.01778
2429,0.00328
2430,-0.00944
2431,-0.00393
2432,0.00269
2433,-0.02102
2434,0.00866
2435,0.01261
2436,0.0127
2437,-0.01164
2438,-0.00201
2439,-0.00139
2440,-0.00568
2441,0.00163
2442,-0.00753
2443,-0.00337
2444,0.0254
2445,0.00218
2446,0.00261
2447,-0.00096
2448,0.0026
2449,0.0021
2450,-0.01198
2451,-0.00757
2452,0.01323
2453,-0.00115
2454,0.02239
2455,-0.00039
2456,0.00425
2457,0.00235
2458,0.00527
2459,-0.00405
2460,-0.0054
2461,-0.00575
2462,0.0073
2463,0.00735
2464,-0.003
2465,0.00728
2466,0.00501
2467,0.00447
2468,0.00778
2469,0.00891
2470,-0.00788
2471,-0.00297
2472,-0.00252
2473,0.00103
2474,0.00189
2475,-0.00284
2476,-0.00937
2477,-0.01126
2478,0.01113
2479,0.01598
2480,-0.0027
2481,-0.01724
2482,-0.00707
2483,-0.06391
2484,0.03937
2485,0.0013
2486,-0.01446
2487,0.01112
2488,0.02311
2489,0.00284
2490,0.00382
2491,-0.00408
2492,-0.01263
2493,-0.00446
2494,0.00141
2495,-0.01759
2496,0.00778
2497,0.01111
2498,0.01816
2499,-0.00731
2500,0.00515
2501,0.01315
2502,0.00419
2503,-0.01532
2504,0.0037
2505,0.00109
2506,0.00378
2507,0.01724
2508,-0.00014
2509,0.00539
2510,-0.00167
2511,0.00919
2512,-0.00119
2513,-0.00502
2514,-0.00642
2515,-0.01399
2516,-0.00063
2517,0.00776
2518,0.00496
2519,-0.00042
2520,-0.00922
2521,-0.00848
2522,0.0061
2523,-0.01085
2524,-0.00503
2525,0.00238
2526,0.01607
2527,0.0174
2528,0.00234
2529,0.00169
2530,0.00119
2531,-0.01054
2532,-0.0018
2533,-0.00918
2534,-0.02841
2535,0.00806
2536,0.0135
2537,0.0069
2538,-0.00666
2539,0.01139
2540,0.01605
2541,-0.00723
2542,-0.00859
2543,-0.00594
2544,-0.00058
2545,0.00965
2546,0.00796
2547,0.00782
2548,-0.00462
2549,0.01874
2550,0.0046
2551,0.00141
2552,-0.0006
2553,0.00691
2554,-0.00045
2555,0.00732
2556,0.00204
2557,0.00356
2558,-0.0023
2559,0.00302
2560,0.00828
2561,-0.00378
2562,0.00444
2563,0.00236
2564,-0.00666
2565,0.01054
2566,0.00585
2567,0.0016
2568,-0.00003
2569,0.00463
2570,-0.00511
2571,-0.00631
2572,0.01691
2573,0.00015
2574,0.0101
2575,0.00496
2576,0.00107
2577,-0.00156
2578,0.0087
2579,0.00232
2580,0.00459
2581,0.00348
2582,0.0086
2583,-0.00384
2584,0.00785
2585,-0.00367
2586,-0.00075
2587,-0.00394
2588,-0.002
2589,0.00721
2590,0.00614
2591,0.00954
2592,0.0022
2593,0.00022
2594,-0.00903
2595,-0.00646
2596,0.00787
2597,-0.00081
2598,0.00644
2599,0.00249
2600,-0.00956
2601,0.01221
2602,-0.00014
2603,0.00107
2604,0.00191
2605,-0.00895
2606,-0.01012
2607,-0.02004
2608,0.00086
2609,0.00854
2610,0.01595
2611,0.00734
2612,0.00156
2613,-0.00504
2614,-0.00861
2615,-0.00747
2616,0.00957
2617,-0.0004
2618,0.00502
2619,0.00234
2620,-0.00185
2621,-0.00659
2622,-0.00338
2623,0.00318
2624,0.00788
2625,-0.00254
2626,-0.00402
2627,-0.01467
2628,-0.00383
2629,0.00549
2630,-0.00267
2631,-0.00024
2632,0.00108
2633,-0.00674
2634,0.00832
2635,0.01548
2636,0.00293
2637,0.00142
2638,-0.00547
2639,-0.01489
2640,0.0016
2641,-0.02024
2642,0.00763
2643,0.01705
2644,-0.00164
2645,-0.00594
2646,0.00142
2647,0.0116
2648,0.0097
2649,-0.00168
2650,0.00287
2651,0.00438
2652,-0.00221
2653,0.01115
2654,0.00029
2655,0.00874
2656,-0.00156
2657,0.00772
2658,-0.0067
2659,0.00336
2660,-0.00134
2661,0.01011
2662,-0.00378
2663,0.00724
2664,0.00114
2665,-0.00201
2666,-0.01495
2667,-0.00255
2668,-0.02038
2669,-0.00137
2670,0.00141
2671,-0.01342
2672,-0.004
2673,0.01293
2674,-0.01691
2675,-0.00769
2676,-0.03461
2677,0.00542
2678,0.00731
2679,0.00282
2680,-0.00623
2681,-0.01472
2682,0.01493
2683,-0.00817
2684,-0.01
2685,0.01513
2686,0.01549
2687,-0.00364
2688,-0.00666
2689,-0.01003
2690,0.00522
2691,0.0022
2692,-0.00935
2693,-0.03792
2694,-0.01329
2695,-0.06153
2696,0.03155
2697,-0.00173
2698,-0.00981
2699,-0.00758
2700,0.04589
2701,-0.01654
2702,-0.02488
2703,0.02403
2704,0.0212
2705,0.0067
2706,0.00877
2707,-0.02326
2708,0.00269
2709,0.00032
2710,0.00685
2711,0.0317
2712,-0.01942
2713,-0.00202
2714,0.00502
2715,-0.00103
2716,-0.02626
2717,-0.02926
2718,0.01612
2719,-0.01297
2720,-0.00251
2721,-0.01376
2722,-0.01439
2723,0.02083
2724,0.01304
2725,-0.00248
2726,0.01196
2727,0.03977
2728,0.01144
2729,0.00642
2730,0.00507
2731,0.00214
2732,0.00683
2733,-0.00612
2734,0.00133
2735,-0.00406
2736,0.00049
2737,0.01665
2738,0.01377
2739,0.01381
2740,0.0003
2741,0.00673
2742,0.01324
2743,0.00567
2744,-0.01071
2745,-0.0025
2746,-0.00769
2747,-0.00201
2748,0.00692
2749,0.00765
2750,0.00187
2751,0.00408
2752,0.00621
2753,0.00937
2754,0.01881
2755,-0.0044
2756,0.0026
2757,0.00325
2758,-0.01997
2759,0.00354
2760,-0.00204
2761,-0.01438
2762,0.0187
2763,0.00659
2764,-0.00442
2765,-0.00017
2766,-0.01509
2767,-0.00235
2768,-0.01811
2769,0.01487
2770,-0.00031
2771,0.01433
2772,0.00324
2773,0.01078
2774,0.002
2775,0.01801
2776,0.00075
2777,0.00016
2778,0.01391
2779,-0.00452
2780,0.00308
2781,-0.00258
2782,0.01
2783,0.01867
2784,-0.00181
2785,0.00377
2786,-0.01081
2787,-0.01619
2788,-0.00685
2789,-0.01558
2790,0.02091
2791,0.00299
2792,0.0022
2793,-0.01416
2794,-0.00762
2795,0.00498
2796,0.01052
2797,-0.0061
2798,0.01246
2799,0.00882
2800,-0.00476
2801,-0.006
2802,0.00828
2803,-0.01392
2804,-0.00711
2805,-0.00082
2806,-0.01787
2807,0.00386
2808,0.01971
2809,-0.01425
2810,0.00888
2811,-0.00999
2812,0.01067
2813,0.00036
2814,0.02349
2815,-0.00306
2816,-0.01125
2817,-0.0076
2818,-0.00188
2819,-0.00135
2820,-0.00407
2821,-0.00098
2822,0.01385
2823,0.02095
2824,0.00144
2825,-0.00221
2826,0.00569
2827,0.00896
2828,-0.00044
2829,0.00644
2830,-0.00243
2831,-0.00546
2832,0.0119
2833,-0.01112
2834,-0.00095
2835,-0.02496
2836,0.00165
2837,0.01493
2838,-0.00437
2839,0.01666
2840,-0.00665
2841,-0.00796
2842,0.00386
2843,0.0161
2844,-0.00311
2845,0.00737
2846,0.01368
2847,0.00376
2848,0.01058
2849,-0.00207
2850,-0.00927
2851,-0.0057
2852,0.0021
2853,-0.01483
2854,0.00933
2855,0.02225
2856,0.00946
2857,-0.00177
2858,-0.00058
2859,0.00662
2860,-0.00508
2861,-0.00354
2862,-0.00705
2863,0.01567
2864,-0.01285
2865,0.00742
2866,-0.0073
2867,0.00755
2868,-0.00219
2869,0.0107
2870,0.00373
2871,0.00606
2872,-0.02112
2873,-0.00225
2874,-0.0038
2875,0.00876
2876,-0.00067
2877,-0.00462
2878,-0.01693
2879,-0.01416
2880,0.01176
2881,-0.01679
2882,0.01321
2883,-0.00297
2884,-0.00051
2885,0.0056
2886,0.01678
2887,0.00452
2888,-0.00984
2889,-0.00206
2890,-0.01049
2891,-0.00528
2892,-0.00017
2893,0.00437
2894,0.01682
2895,0.00632
2896,0.00132
2897,0.00057
2898,-0.00624
2899,-0.00387
2900,-0.01129
2901,-0.00022
2902,0.00969
2903,0.01403
2904,0.0155
2905,0.0052
2906,0.00592
2907,0.0002
2908,0.00214
2909,-0.003
2910,0.00521
2911,-0.0024
2912,-0.00374
2913,0.00212
2914,0.00856
2915,0.00347
2916,-0.00649
2917,-0.01786
2918,0.00032
2919,-0.00871
2920,-0.00478
2921,-0.00492
2922,0.00819
2923,0.00012
2924,-0.01553
2925,-0.00858
2926,-0.0012
2927,-0.00536
2928,-0.01299
2929,0.00447
2930,-0.01066
2931,-0.00118
2932,-0.01141
2933,0.01254
2934,0.00028
2935,0.01844
2936,0.00262
2937,0.00972
2938,-0.00801
2939,-0.00546
2940,0.00844
2941,0.01439
2942,-0.00112
2943,0.00954
2944,-0.01198
2945,-0.01035
2946,-0.01748
2947,-0.00467
2948,0.00822
2949,-0.00941
2950,0.02413
2951,-0.00275
2952,-0.00322
2953,0.00004
2954,0.00199
2955,-0.00352
2956,-0.00917
2957,-0.01039
2958,-0.00155
2959,0.00906
2960,-0.00161
2961,-0.01774
2962,-0.00042
2963,-0.01747
2964,-0.00174
2965,0.00379
2966,-0.00216
2967,-0.0064
2968,0.01045
2969,-0.00104
2970,0.0152
2971,-0.00166
2972,0.01705
2973,-0.00564
2974,0.01156
2975,-0.00031
2976,-0.01692
2977,-0.01867
2978,-0.00157
2979,-0.02549
2980,0.0053
2981,0.01011
2982,0.01288
2983,-0.00332
2984,0.01675
2985,-0.00515
2986,-0.01022
2987,0.01219
2988,0.03479
2989,0.01218
2990,-0.00501
2991,-0.00542
2992,0.00441
2993,0.00578
2994,0.00483
2995,0.00355
2996,-0.00756
2997,0.00417
2998,0.00147
2999,0.01159
3000,0.0018
3001,0.01629
3002,-0.00526
3003,0.00695
3004,-0.0035
3005,-0.00287
3006,-0.01152
3007,0.00347
3008,0.00092
3009,-0.00577
3010,-0.0087
3011,0.00494
3012,0.00433
3013,0.01469
3014,-0.00691
3015,-0.00968
3016,-0.00092
3017,0.00152
3018,0.00512
3019,-0.00281
3020,-0.00799
3021,0.00144
3022,-0.00098
3023,-0.00008
3024,-0.00415
3025,0.00695
3026,0.00204
3027,0.01568
3028,-0.00144
3029,0.00255
3030,0.0017
3031,0.0016
3032,0.0054
3033,-0.01639
3034,-0.03255
3035,0.00126
3036,0.00634
3037,0.02883
3038,0.00802
3039,-0.01011
3040,-0.0017
3041,0.01141
3042,0.00457
3043,-0.00861
3044,0.00436
3045,-0.00846
3046,-0.00155
3047,-0.0217
3048,0.00444
3049,-0.00134
3050,-0.02383
3051,0.01579
3052,0.00516
3053,0.00206
3054,0.00763
3055,-0.00257
3056,-0.00445
3057,0.00753
3058,-0.01845
3059,-0.00415
3060,-0.01606
3061,0.00103
3062,0.01065
3063,-0.0093
3064,-0.00687
3065,-0.02411
3066,0.00468
3067,-0.00096
3068,-0.00881
3069,-0.01176
3070,0.01332
3071,0.01524
3072,0.01184
3073,0.00229
3074,0.01629
3075,-0.00914
3076,-0.02799
3077,0.00426
3078,0.01993
3079,-0.00492
3080,-0.00665
3081,-0.01119
3082,0.0264
3083,0.04784
3084,0.00084
3085,-0.00349
3086,0.01747
3087,0.00256
3088,0.01401
3089,0.00141
3090,-0.00467
3091,-0.00642
3092,0.00507
3093,-0.00675
3094,0.00535
3095,0.01463
3096,-0.01021
3097,-0.00111
3098,0.01254
3099,0.00131
3100,0.00055
3101,-0.00008
3102,-0.01106
3103,-0.01392
3104,-0.05263
3105,0.01533
3106,0.02392
3107,-0.00121
3108,0.00824
3109,0.00439
3110,0.02797
3111,-0.00686
3112,-0.00649
3113,-0.00899
3114,0.01047
3115,-0.00793
3116,-0.02161
3117,-0.00032
3118,0.01085
3119,0.00281
3120,-0.00699
3121,-0.01393
3122,0.0149
3123,0.00834
3124,0.01989
3125,0.00669
3126,-0.01091
3127,-0.00237
3128,-0.01701
3129,-0.00769
3130,-0.0085
3131,0.00903
3132,-0.00838
3133,-0.00231
3134,0.02173
3135,0.00414
3136,0.0137
3137,0.01381
3138,-0.00658
3139,-0.004
3140,0.0058
3141,-0.00617
3142,-0.00449
3143,-0.00328
3144,0.0112
3145,0.00517
3146,0.00173
3147,-0.01186
3148,0.0084
3149,-0.00685
3150,-0.00089
3151,-0.01309
3152,-0.00252
3153,0.00639
3154,-0.00158
3155,0.00108
3156,-0.00298
3157,-0.00013
3158,0.01213
3159,-0.00842
3160,0.00102
3161,0.01417
3162,0.00294
3163,0.00575
3164,0.00343
3165,-0.00035
3166,0.00696
3167,-0.00103
3168,-0.00772
3169,-0.00245
3170,0.0051
3171,-0.00742
3172,-0.00722
3173,0.0033
3174,-0.0122
3175,0.00279
3176,-0.01269
3177,0.00233
3178,0.01188
3179,0.00399
3180,0.00217
3181,0.00999
3182,0.00926
3183,0.00386
3184,-0.00753
3185,-0.00269
3186,0.00852
3187,0.01151
3188,-0.00586
3189,-0.00281
3190,0.00756
3191,-0.00265
3192,0.00259
3193,0.00019
3194,0.00097
3195,0.00003
3196,0.00114
3197,0.0039
3198,-0.00224
3199,-0.00394
3200,0.00562
3201,0.00436
3202,-0.00282
3203,-0.00304
3204,0.0011
3205,0.00101
3206,0.00244
3207,-0.00204
3208,-0.00019
3209,-0.0005
3210,-0.00744
3211,-0.01374
3212,0.00164
3213,-0.01084
3214,-0.00003
3215,0.00889
3216,0.00057
3217,-0.00709
3218,0.0007
3219,0.01831
3220,-0.00547
3221,0.00431
3222,-0.00349
3223,0.00086
3224,0.00498
3225,-0.01748
3226,-0.0044
3227,-0.00599
3228,-0.01509
3229,-0.02683
3230,0.02292
3231,0.00645
3232,-0.01855
3233,-0.00642
3234,0.02054
3235,0.0051
3236,0.00181
3237,0.0051
3238,-0.01484
3239,-0.00495
3240,0.01155
3241,0.02086
3242,0.01743
3243,-0.00207
3244,0.0025
3245,-0.00234
3246,0.00612
3247,-0.00123
3248,-0.00431
3249,-0.00988
3250,-0.01585
3251,-0.01049
3252,0.01404
3253,0.00431
3254,-0.00626
3255,-0.00566
3256,-0.01384
3257,0.00092
3258,-0.01359
3259,0.00924
3260,0.00818
3261,-0.00457
3262,0.00471
3263,-0.01183
3264,0.00204
3265,0.00864
3266,0.02571
3267,-0.01087
3268,-0.00256
3269,0.01765
3270,0.00398
3271,-0.00465
3272,-0.00212
3273,-0.01107
3274,-0.01448
3275,0.01072
3276,-0.00691
3277,-0.02384
3278,0.00615
3279,0.01668
3280,0.01003
3281,0.01245
3282,0.01001
3283,-0.00425
3284,-0.02264
3285,0.02736
3286,-0.00965
3287,-0.01837
3288,-0.003
3289,0.00077
3290,0.00744
3291,0.00495
3292,-0.0031
3293,0.00939
3294,-0.0022
3295,0.00585
3296,-0.00574
3297,0.00194
3298,0.01082
3299,0.00216
3300,0.00295
3301,-0.00463
3302,0.00523
3303,0.00889
3304,-0.00099
3305,0.00417
3306,-0.01011
3307,0.00471
3308,-0.00198
3309,-0.00482
3310,-0.00276
3311,-0.00728
3312,0.01163
3313,-0.00368
3314,-0.00808
3315,0.00403
3316,-0.01132
3317,-0.01093
3318,-0.01738
3319,-0.00281
3320,-0.00722
3321,0.0187
3322,-0.0017
3323,-0.01064
3324,-0.00358
3325,0.00207
3326,0.00369
3327,0.00658
3328,0.00518
3329,0.00537
3330,-0.01643
3331,-0.03699
3332,0.0066
3333,-0.02607
3334,0.00871
3335,-0.01937
3336,0.01512
3337,-0.01671
3338,-0.01969
3339,-0.01496
3340,0.02159
3341,0.01549
3342,0.02184
3343,-0.01704
3344,-0.00216
3345,0.01217
3346,-0.01128
3347,-0.02957
3348,0.00081
3349,0.03593
3350,-0.01615
3351,0.00775
3352,0.02113
3353,-0.00761
3354,0.01146
3355,0.00073
3356,0.0115
3357,0.02909
3358,0.00539
3359,-0.0086
3360,-0.00794
3361,-0.00839
3362,0.01501
3363,0.00959
3364,0.01306
3365,-0.00424
3366,0.01036
3367,-0.00226
3368,-0.01001
3369,0.01196
3370,-0.00175
3371,-0.00388
3372,-0.00035
3373,0.00287
3374,-0.0067
3375,0.00453
3376,0.00109
3377,0.02421
3378,0.00394
3379,0.00279
3380,0.01047
3381,-0.00306
3382,-0.01284
3383,0.00046
3384,-0.00908
3385,-0.00368
3386,-0.01094
3387,0.0063
3388,0.0018
3389,0.00571
3390,0.00826
3391,-0.01003
3392,0.00111
3393,-0.00622
3394,-0.0067
3395,0.0004
3396,-0.00681
3397,-0.0144
3398,-0.0041
3399,-0.00318
3400,0.00173
3401,0.00748
3402,0.00908
3403,-0.00846
3404,-0.00829
3405,-0.00198
3406,-0.00396
3407,0.00963
3408,0.0006
3409,0.0088
3410,-0.00123
3411,-0.00771
3412,-0.01841
3413,0.00432
3414,-0.00965
3415,-0.00399
3416,0.01605
3417,0.00567
3418,-0.00745
3419,0.00859
3420,-0.00199
3421,0.0026
3422,-0.00146
3423,-0.01331
3424,-0.01661
3425,0.01401
3426,0.0094
3427,0.0034
3428,0.00002
3429,0.00498
3430,0.00114
3431,0.00168
3432,-0.0032
3433,-0.00988
3434,0.00375
3435,-0.01321
3436,0.00017
3437,0.00637
3438,-0.00042
3439,-0.00107
3440,-0.00272
3441,0.00081
3442,-0.0118
3443,0.00674
3444,-0.00772
3445,0.00532
3446,-0.0013
3447,0.013
3448,-0.00419
3449,-0.01167
3450,-0.00915
3451,-0.01268
3452,0.00313
3453,0.00275
3454,-0.00238
3455,-0.01857
3456,-0.01948
3457,0.0035
3458,-0.04682
3459,-0.00649
3460,-0.01682
3461,-0.02885
3462,-0.01561
3463,0.03444
3464,0.00898
3465,-0.00185
3466,0.01352
3467,0.02197
3468,-0.0026
3469,0.01245
3470,0.01443
3471,-0.00271
3472,-0.00059
3473,-0.00966
3474,-0.00079
3475,0.02039
3476,0.0107
3477,-0.00695
3478,0.00012
3479,0.00605
3480,-0.01349
3481,-0.0097
3482,0.00337
3483,0.01267
3484,-0.00498
3485,-0.00269
3486,0.01085
3487,0.00621
3488,-0.01879
3489,-0.01667
3490,-0.00062
3491,0.01772
3492,0.00282
3493,0.01083
3494,0.01197
3495,-0.00286
3496,0.00258
3497,0.00106
3498,-0.0024
3499,0.01628
3500,0.00294
3501,0.00067
3502,-0.002
3503,0.00977
3504,-0.00316
3505,-0.005
3506,0.011
3507,0.00426
3508,-0.00581
3509,-0.0155
3510,0.00789
3511,-0.00074
3512,-0.00712
3513,0.01045
3514,0.01789
3515,-0.00249
3516,-0.00491
3517,-0.01537
3518,-0.00367
3519,-0.00065
3520,-0.01067
3521,0.00341
3522,0.00841
3523,0.00813
3524,0.00787
3525,-0.00306
3526,0.00388
3527,0.0005
3528,0.00445
3529,0.00667
3530,0.00401
3531,-0.00739